,gam_id,temp,sex,inf_status,geo_order,photo_order,geo_score,photo_score
1,jI1,3,m,I,,,14,20
2,jI1,6,m,I,,,10,50
3,jI1,9,m,I,,,12,50
4,jI1,12,m,I,1,1,15,20
5,jI1,15,m,I,,,26,60
6,jI1,18,m,I,,,19,30
7,jI10,3,m,I,,,12,80
8,jI10,6,m,I,1,1,16,70
9,jI10,9,m,I,,,19,70
10,jI10,12,m,I,,,13,80
11,jI10,15,m,I,,,21,100
12,jI10,18,m,I,,,21,90
13,jI11,3,f,I,1,1,10,90
14,jI11,6,f,I,,,21,40
15,jI11,9,f,I,,,17,70
16,jI11,12,f,I,,,23,20
17,jI12,3,m,I,,,13,60
18,jI12,6,m,I,,,25,60
19,jI12,9,m,I,1,1,24,70
20,jI12,12,m,I,,,11,100
21,jI12,15,m,I,,,39,60
22,jI12,18,m,I,,,10,30
23,jI13,3,f,I,,,20,80
24,jI13,6,f,I,,,13,0
25,jI13,9,f,I,1,1,18,90
26,jI13,12,f,I,,,13,80
27,jI13,15,f,I,,,11,30
28,jI13,18,f,I,,,21,50
29,jI14,3,f,I,1,1,12,40
30,jI14,6,f,I,,,20,30
31,jI14,9,f,I,,,27,50
32,jI14,12,f,I,,,15,70
33,jI14,15,f,I,,,24,30
34,jI14,18,f,I,,,22,0
35,jI15,3,f,I,,,24,40
36,jI15,6,f,I,1,1,18,30
37,jI15,9,f,I,,,20,60
38,jI15,12,f,I,,,15,70
39,jI15,15,f,I,,,23,60
40,jI15,18,f,I,,,32,70
41,jI16,3,m,I,,,22,20
42,jI16,6,m,I,,,38,40
43,jI16,9,m,I,,,22,0
44,jI16,12,m,I,,,18,20
45,jI16,15,m,I,1,1,18,30
46,jI16,18,m,I,,,14,20
47,jI17,3,f,I,,,31,40
48,jI17,6,f,I,,,17,60
49,jI17,9,f,I,,,22,60
50,jI17,12,f,I,,,17,30
51,jI17,15,f,I,,,22,50
52,jI17,18,f,I,1,1,20,20
53,jI18,3,m,I,,,18,60
54,jI18,6,m,I,,,24,60
55,jI18,9,m,I,,,23,70
56,jI18,12,m,I,1,1,21,100
57,jI18,15,m,I,,,32,50
58,jI18,18,m,I,,,36,60
59,jI19,3,m,I,,,20,80
60,jI19,6,m,I,1,1,19,50
61,jI19,9,m,I,,,23,70
62,jI19,12,m,I,,,18,30
63,jI19,15,m,I,,,19,0
64,jI19,18,m,I,,,25,30
65,jI2,3,m,I,1,1,16,50
66,jI2,6,m,I,,,20,50
67,jI2,9,m,I,,,12,60
68,jI2,12,m,I,,,16,10
69,jI2,15,m,I,,,27,40
70,jI2,18,m,I,,,32,50
71,jI20,3,f,I,,,11,0
72,jI20,6,f,I,,,20,50
73,jI20,9,f,I,,,16,60
74,jI20,12,f,I,1,1,26,30
75,jI20,15,f,I,,,29,70
76,jI20,18,f,I,,,20,50
81,jI21,15,f,I,,,#N/A,80
77,jI21,3,f,I,,,10,70
78,jI21,6,f,I,,,13,10
79,jI21,9,f,I,1,1,20,60
80,jI21,12,f,I,,,12,70
82,jI22,6,m,I,1,1,15,80
83,jI23,3,m,I,1,1,27,30
84,jI23,6,m,I,,,43,80
85,jI23,9,m,I,,,17,50
86,jI23,12,m,I,,,22,100
87,jI23,15,m,I,,,17,80
88,jI23,18,m,I,,,36,50
89,jI24,3,f,I,,,11,70
90,jI24,6,f,I,1,1,12,20
91,jI24,9,f,I,,,28,50
92,jI24,12,f,I,,,11,40
93,jI24,15,f,I,,,18,60
94,jI24,18,f,I,,,22,40
95,jI25,3,m,I,,,11,60
96,jI25,6,m,I,,,12,20
97,jI25,9,m,I,,,26,60
98,jI25,12,m,I,1,1,17,80
99,jI25,15,m,I,,,20,60
100,jI25,18,m,I,,,25,50
101,jI26,3,f,I,1,1,21,80
102,jI26,6,f,I,,,12,80
103,jI26,9,f,I,,,26,90
104,jI26,12,f,I,,,15,60
105,jI26,15,f,I,,,25,50
106,jI26,18,f,I,,,29,40
107,jI27,3,f,I,,,10,20
108,jI27,6,f,I,,,55,60
109,jI27,9,f,I,1,1,12,70
110,jI27,12,f,I,,,25,60
111,jI28,3,f,I,,,38,60
112,jI28,6,f,I,,,19,60
113,jI28,9,f,I,,,32,70
114,jI28,12,f,I,,,29,70
115,jI28,15,f,I,1,1,27,50
116,jI28,18,f,I,,,30,0
117,jI29,6,m,I,,,13,30
118,jI29,12,m,I,1,1,10,#N/A
119,jI3,3,m,I,,,12,50
120,jI3,6,m,I,1,1,13,30
121,jI3,9,m,I,,,12,50
122,jI3,12,m,I,,,20,50
123,jI3,15,m,I,,,17,50
124,jI3,18,m,I,,,22,60
125,jI30,3,m,I,1,1,21,50
126,jI30,6,m,I,,,26,70
127,jI30,9,m,I,,,14,10
128,jI30,12,m,I,1,1,11,60
129,jI30,15,m,I,,,24,70
130,jI30,18,m,I,,,24,80
131,jI31,3,m,I,,,17,50
132,jI31,6,m,I,,,14,50
133,jI31,9,m,I,1,1,20,40
134,jI31,12,m,I,,,11,30
135,jI31,15,m,I,,,26,30
136,jI31,18,m,I,,,29,30
137,jI32,3,f,I,1,1,15,60
138,jI32,6,f,I,,,14,40
139,jI32,9,f,I,,,25,70
140,jI32,12,f,I,,,25,80
141,jI32,15,f,I,,,31,70
142,jI32,18,f,I,,,32,60
143,jI33,3,f,I,,,19,40
144,jI33,6,f,I,1,1,33,40
145,jI33,9,f,I,,,31,80
146,jI33,12,f,I,,,11,70
147,jI33,15,f,I,,,10,70
148,jI33,18,f,I,,,32,20
149,jI34,3,m,I,1,1,12,50
150,jI34,6,m,I,,,10,80
151,jI34,9,m,I,,,22,40
152,jI34,12,m,I,,,29,50
153,jI34,15,m,I,,,12,70
154,jI34,18,m,I,,,27,40
155,jI35,3,m,I,,,23,50
156,jI35,6,m,I,,,13,0
157,jI35,9,m,I,,,28,50
158,jI35,12,m,I,1,1,23,30
159,jI35,15,m,I,,,17,10
160,jI35,18,m,I,,,29,30
161,jI36,6,m,I,1,1,28,40
162,jI36,12,m,I,,,23,#N/A
164,jI37,12,m,I,1,1,#N/A,50
163,jI37,6,m,I,,,10,60
166,jI38,9,f,I,,,#N/A,40
165,jI38,6,f,I,,,15,30
167,jI38,12,f,I,1,1,37,70
172,jI39,15,f,I,,,#N/A,80
168,jI39,3,f,I,1,1,16,60
169,jI39,6,f,I,,,10,0
170,jI39,9,f,I,,,22,50
171,jI39,12,f,I,,,11,50
173,jI4,3,f,I,,,20,50
174,jI4,6,f,I,1,1,45,30
175,jI4,9,f,I,,,22,70
176,jI4,12,f,I,,,33,20
177,jI4,15,f,I,,,22,0
178,jI4,18,f,I,,,11,20
179,jI40,3,m,I,1,1,22,20
180,jI40,6,m,I,,,79,20
181,jI40,9,m,I,,,13,40
182,jI40,12,m,I,,,36,50
183,jI40,15,m,I,,,12,60
184,jI40,18,m,I,,,10,70
185,jI41,3,f,I,,,33,90
186,jI41,6,f,I,,,13,100
187,jI41,9,f,I,,,46,100
188,jI41,12,f,I,,,33,100
189,jI41,15,f,I,,,18,50
190,jI41,18,f,I,1,1,15,70
195,jI42,15,f,I,,,#N/A,100
196,jI42,18,f,I,1,1,#N/A,0
191,jI42,3,f,I,1,1,31,60
192,jI42,6,f,I,,,13,60
193,jI42,9,f,I,,,10,30
194,jI42,12,f,I,1,1,10,80
197,jI43,6,m,I,,,19,70
198,jI43,9,m,I,1,1,15,80
199,jI43,12,m,I,,,20,60
200,jI44,3,f,I,1,1,12,50
201,jI44,6,f,I,,,11,0
202,jI44,9,f,I,,,16,40
203,jI44,12,f,I,,,16,50
204,jI44,15,f,I,,,16,60
205,jI44,18,f,I,,,19,0
206,jI45,3,m,I,,,35,0
207,jI45,6,m,I,,,41,70
208,jI45,9,m,I,,,20,30
209,jI45,12,m,I,,,24,30
210,jI45,15,m,I,1,1,16,60
211,jI45,18,m,I,,,19,70
212,jI46,6,m,I,,,13,0
213,jI46,9,m,I,1,1,10,#N/A
214,jI46,12,m,I,,,24,30
215,jI47,3,m,I,,,36,40
216,jI47,6,m,I,1,1,10,20
217,jI47,9,m,I,,,30,30
218,jI47,12,m,I,,,24,30
219,jI47,15,m,I,,,18,40
220,jI47,18,m,I,,,10,30
221,jI48,6,f,I,,,28,80
222,jI48,9,f,I,,,19,#N/A
223,jI48,12,f,I,1,1,14,60
224,jI49,6,f,I,1,1,10,100
225,jI49,12,f,I,,,10,#N/A
231,jI5,18,m,I,,,#N/A,70
226,jI5,3,m,I,,,26,40
227,jI5,6,m,I,1,1,18,50
228,jI5,9,m,I,,,23,#N/A
229,jI5,12,m,I,,,14,40
230,jI5,15,m,I,,,26,40
232,jI50,3,m,I,,,25,60
233,jI50,6,m,I,,,32,90
234,jI50,9,m,I,,,25,50
235,jI50,12,m,I,,,29,90
236,jI50,15,m,I,1,1,24,70
237,jI50,18,m,I,,,10,70
238,jI51,3,f,I,,,11,60
239,jI51,6,f,I,1,1,16,0
240,jI51,9,f,I,,,13,10
241,jI51,12,f,I,,,28,40
242,jI51,15,f,I,,,22,70
243,jI51,18,f,I,,,30,0
244,jI52,3,m,I,,,28,40
245,jI52,6,m,I,,,10,30
246,jI52,9,m,I,,,11,50
247,jI52,12,m,I,,,24,60
248,jI52,15,m,I,,,17,40
249,jI52,18,m,I,1,1,14,60
250,jI53,6,f,I,,,10,90
251,jI53,9,f,I,,,10,#N/A
252,jI53,12,f,I,1,1,37,70
253,jI54,3,f,I,,,17,80
254,jI54,6,f,I,,,12,20
255,jI54,9,f,I,1,1,22,50
256,jI54,12,f,I,,,16,30
257,jI54,15,f,I,,,10,10
258,jI54,18,f,I,,,10,20
259,jI55,6,m,I,1,1,19,30
260,jI55,9,m,I,,,10,80
261,jI55,12,m,I,,,18,20
266,jI56,15,m,I,,,#N/A,70
262,jI56,3,m,I,,,15,60
263,jI56,6,m,I,1,1,12,70
264,jI56,9,m,I,,,35,60
265,jI56,12,m,I,,,11,#N/A
267,jI56,18,m,I,,,23,50
272,jI57,15,f,I,,,#N/A,100
268,jI57,3,f,I,,,21,30
269,jI57,6,f,I,1,1,24,10
270,jI57,9,f,I,,,28,40
271,jI57,12,f,I,,,20,50
1594,jI58,6,m,I,,,#N/A,0
273,jI59,3,m,I,1,1,12,40
274,jI59,6,m,I,,,10,40
275,jI59,9,m,I,,,10,60
276,jI59,12,m,I,,,12,20
277,jI59,15,m,I,,,10,50
278,jI59,18,m,I,,,10,0
280,jI6,12,f,I,,,#N/A,10
279,jI6,6,f,I,1,1,10,40
281,jI60,3,m,I,,,10,50
282,jI60,6,m,I,1,1,25,60
283,jI60,9,m,I,,,19,50
284,jI60,12,m,I,,,19,80
285,jI60,15,m,I,,,51,70
286,jI60,18,m,I,,,22,50
287,jI61,3,f,I,1,1,15,20
288,jI61,6,f,I,,,19,0
289,jI61,9,f,I,,,31,70
290,jI61,12,f,I,,,16,30
291,jI61,15,f,I,,,13,70
292,jI61,18,f,I,,,24,40
293,jI63,3,f,I,,,10,#N/A
294,jI63,6,f,I,,,10,0
295,jI63,9,f,I,,,19,100
296,jI63,12,f,I,1,1,24,20
297,jI64,3,f,I,,,11,60
298,jI64,6,f,I,,,17,70
299,jI64,9,f,I,,,11,20
300,jI64,12,f,I,,,16,50
301,jI64,15,f,I,,,15,80
302,jI64,18,f,I,1,1,24,60
307,jI65,15,m,I,1,1,#N/A,0
303,jI65,3,m,I,,,26,0
304,jI65,6,m,I,1,1,30,50
305,jI65,9,m,I,,,17,60
306,jI65,12,m,I,,,14,90
308,jI66,6,m,I,,,29,10
309,jI66,12,m,I,1,1,22,40
310,jI67,3,f,I,,,10,20
311,jI67,6,f,I,,,20,10
312,jI67,9,f,I,,,12,#N/A
313,jI67,12,f,I,,,25,40
314,jI67,15,f,I,,,21,60
315,jI67,18,f,I,1,1,57,50
316,jI68,3,m,I,,,13,60
317,jI68,6,m,I,,,11,60
318,jI68,9,m,I,,,15,60
319,jI68,12,m,I,1,1,14,50
320,jI68,15,m,I,,,10,90
321,jI68,18,m,I,,,36,90
322,jI69,3,m,I,,,20,80
323,jI69,6,m,I,1,1,15,0
324,jI69,9,m,I,,,13,70
325,jI69,12,m,I,,,19,70
326,jI69,15,m,I,,,14,60
327,jI69,18,m,I,,,37,70
333,jI7,18,m,I,,,#N/A,70
328,jI7,3,m,I,,,15,40
329,jI7,6,m,I,,,23,10
330,jI7,9,m,I,,,13,30
331,jI7,12,m,I,,,10,40
332,jI7,15,m,I,1,1,22,20
334,jI70,3,f,I,,,19,60
335,jI70,6,f,I,,,48,30
336,jI70,9,f,I,,,20,50
337,jI70,12,f,I,,,22,60
338,jI70,15,f,I,,,31,20
339,jI70,18,f,I,1,1,17,60
340,jI71,3,f,I,,,18,0
341,jI71,6,f,I,1,1,19,60
342,jI71,9,f,I,,,12,20
343,jI71,12,f,I,,,25,60
344,jI71,15,f,I,,,27,10
349,jI72,15,f,I,,,#N/A,0
345,jI72,3,f,I,1,1,27,70
346,jI72,6,f,I,,,10,80
347,jI72,9,f,I,,,14,70
348,jI72,12,f,I,,,10,20
350,jI73,6,m,I,1,1,41,10
351,jI75,3,m,I,,,11,50
352,jI75,6,m,I,,,11,0
353,jI75,9,m,I,,,13,60
354,jI75,12,m,I,,,12,60
355,jI75,15,m,I,,,11,20
356,jI75,18,m,I,1,1,13,80
357,jI8,3,m,I,,,46,60
358,jI8,6,m,I,,,18,0
359,jI8,9,m,I,,,23,70
360,jI8,12,m,I,,,13,50
361,jI8,15,m,I,1,1,27,40
362,jI8,18,m,I,,,80,10
363,jI85,6,m,I,,,17,100
364,jI85,12,m,I,1,1,25,0
365,jI9,3,m,I,,,20,30
366,jI9,6,m,I,,,55,30
367,jI9,9,m,I,,,42,0
368,jI9,12,m,I,,,41,60
369,jI9,15,m,I,1,1,74,30
370,jI9,18,m,I,,,31,40
372,jU100,9,f,U,,,#N/A,80
371,jU100,6,f,U,1,1,10,70
373,jU100,12,f,U,,,,80
378,jU101,15,f,U,,,#N/A,40
374,jU101,3,f,U,,,10,80
375,jU101,6,f,U,,,11,30
376,jU101,9,f,U,,,10,30
377,jU101,12,f,U,1,1,10,70
379,jU102,3,f,U,,,28,50
380,jU102,6,f,U,,,27,0
381,jU102,9,f,U,,,35,60
382,jU102,12,f,U,,,17,80
383,jU102,15,f,U,1,1,16,40
384,jU102,18,f,U,,,15,30
385,jU103,6,m,U,,,10,0
386,jU103,9,m,U,,,10,30
387,jU103,12,m,U,1,1,10,70
388,jU104,6,f,U,,,18,30
389,jU104,9,f,U,1,1,10,#N/A
390,jU104,12,f,U,,,17,70
392,jU105,12,f,U,,,#N/A,50
391,jU105,6,f,U,1,1,19,10
393,jU106,3,m,U,,,18,20
394,jU106,6,m,U,,,10,40
395,jU106,9,m,U,,,22,70
396,jU106,12,m,U,1,1,17,60
397,jU106,15,m,U,,,18,60
398,jU106,18,m,U,,,13,50
399,jU107,3,f,U,,,11,50
400,jU107,6,f,U,1,1,20,40
401,jU107,9,f,U,,,18,30
402,jU107,12,f,U,,,15,30
403,jU107,15,f,U,,,15,40
404,jU107,18,f,U,,,16,40
409,jU108,15,m,U,,,#N/A,0
405,jU108,3,m,U,,,10,60
406,jU108,6,m,U,,,22,60
407,jU108,9,m,U,1,1,23,50
408,jU108,12,m,U,,,23,40
410,jU109,6,m,U,1,1,10,30
411,jU109,9,m,U,,,10,100
412,jU109,12,m,U,,,10,10
413,jU110,3,f,U,1,1,16,50
414,jU110,6,f,U,,,10,60
415,jU110,9,f,U,,,11,60
416,jU110,12,f,U,,,12,40
417,jU110,15,f,U,,,14,60
418,jU110,18,f,U,,,10,90
424,jU111,18,f,U,,,#N/A,20
419,jU111,3,f,U,,,10,50
420,jU111,6,f,U,1,1,10,0
421,jU111,9,f,U,,,11,30
422,jU111,12,f,U,,,10,0
423,jU111,15,f,U,,,15,60
425,jU112,6,m,U,1,1,12,50
426,jU112,9,m,U,,,10,#N/A
427,jU112,12,m,U,,,10,50
428,jU113,3,f,U,,,10,10
429,jU113,6,f,U,1,1,13,0
430,jU113,9,f,U,,,23,50
431,jU113,12,f,U,,,12,80
432,jU113,15,f,U,,,13,70
433,jU113,18,f,U,,,18,60
434,jU114,3,m,U,,,20,30
435,jU114,6,m,U,,,14,30
436,jU114,9,m,U,1,1,22,70
437,jU114,12,m,U,,,15,20
438,jU114,15,m,U,,,18,40
439,jU114,18,m,U,,,38,0
440,jU115,6,f,U,,,27,70
441,jU115,9,f,U,,,14,40
442,jU115,12,f,U,1,1,13,0
443,jU116,6,m,U,,,14,0
444,jU116,9,m,U,1,1,11,0
445,jU116,12,m,U,,,16,0
446,jU117,6,m,U,,,13,10
447,jU117,12,m,U,1,1,10,0
448,jU118,3,m,U,,,20,60
449,jU118,6,m,U,,,10,50
450,jU118,9,m,U,,,27,40
451,jU118,12,m,U,,,11,40
452,jU118,15,m,U,,,19,60
453,jU118,18,m,U,1,1,23,40
454,jU119,3,f,U,,,11,20
455,jU119,6,f,U,,,36,60
456,jU119,9,f,U,,,18,50
457,jU119,12,f,U,,,14,60
458,jU119,15,f,U,1,1,12,50
459,jU119,18,f,U,,,29,60
461,jU120,12,f,U,,,#N/A,100
460,jU120,6,f,U,1,1,10,60
462,jU121,6,f,U,,,10,50
463,jU121,9,f,U,1,1,23,20
464,jU121,12,f,U,,,10,20
465,jU122,3,m,U,,,18,70
466,jU122,6,m,U,,,17,40
467,jU122,9,m,U,1,1,32,80
468,jU122,12,m,U,,,16,30
469,jU122,15,m,U,,,24,60
470,jU122,18,m,U,,,15,30
471,jU123,3,m,U,,,10,40
472,jU123,6,m,U,,,18,80
473,jU123,9,m,U,1,1,25,50
474,jU123,12,m,U,,,26,10
475,jU123,15,m,U,,,30,40
476,jU123,18,m,U,,,20,30
477,jU124,3,f,U,,,#N/A,0
478,jU124,6,f,U,1,1,27,30
479,jU124,9,f,U,,,10,20
480,jU124,12,f,U,,,10,50
485,jU125,15,m,U,,,#N/A,40
481,jU125,3,m,U,,,20,50
482,jU125,6,m,U,,,19,40
483,jU125,9,m,U,,,16,100
484,jU125,12,m,U,1,1,17,80
486,jU126,3,m,U,,,23,40
487,jU126,6,m,U,,,20,60
488,jU126,9,m,U,1,1,12,50
489,jU126,12,m,U,,,20,10
490,jU127,3,f,U,1,1,10,20
491,jU127,6,f,U,,,10,50
492,jU127,9,f,U,,,14,50
493,jU127,12,f,U,,,13,60
494,jU127,15,f,U,,,21,30
495,jU127,18,f,U,,,10,50
496,jU128,6,f,U,1,1,18,70
497,jU128,9,f,U,,,11,#N/A
498,jU128,12,f,U,,,13,0
500,jU129,9,f,U,,,#N/A,0
499,jU129,6,f,U,,,16,50
501,jU129,12,f,U,1,1,10,40
503,jU130,12,f,U,,,#N/A,50
502,jU130,6,f,U,1,1,10,30
504,jU131,3,m,U,,,#N/A,0
505,jU131,6,m,U,,,19,60
506,jU131,9,m,U,,,10,60
507,jU131,12,m,U,1,1,10,60
508,jU132,3,m,U,,,11,50
509,jU132,6,m,U,,,18,40
510,jU132,9,m,U,,,10,40
511,jU132,12,m,U,,,23,60
512,jU132,15,m,U,,,22,80
513,jU132,18,m,U,1,1,40,40
514,jU133,3,f,U,,,10,30
515,jU133,6,f,U,,,18,80
516,jU133,9,f,U,1,1,12,80
517,jU133,12,f,U,,,23,40
518,jU134,3,m,U,,,21,50
519,jU134,6,m,U,1,1,12,40
520,jU134,9,m,U,,,25,60
521,jU134,12,m,U,,,17,60
522,jU134,15,m,U,,,28,10
524,jU135,9,f,U,,,#N/A,0
523,jU135,6,f,U,,,68,50
525,jU135,12,f,U,1,1,17,0
526,jU136,6,f,U,1,1,25,80
527,jU136,12,f,U,,,10,#N/A
528,jU137,3,m,U,1,1,27,70
529,jU137,6,m,U,,,16,40
530,jU137,9,m,U,,,44,40
531,jU137,12,m,U,,,10,30
532,jU137,15,m,U,,,13,30
533,jU137,18,m,U,,,20,60
538,jU138,15,f,U,,,#N/A,30
534,jU138,3,f,U,,,17,30
535,jU138,6,f,U,,,15,20
536,jU138,9,f,U,,,13,30
537,jU138,12,f,U,1,1,14,60
539,jU139,3,f,U,,,34,30
540,jU139,6,f,U,,,29,30
541,jU139,9,f,U,,,28,50
542,jU139,12,f,U,,,17,90
543,jU139,15,f,U,,,14,60
544,jU139,18,f,U,1,1,16,50
546,jU140,9,m,U,,,#N/A,10
545,jU140,6,m,U,,,21,0
547,jU140,12,m,U,,,14,30
548,jU141,3,m,U,1,1,18,10
549,jU141,6,m,U,,,22,0
550,jU141,9,m,U,,,10,30
551,jU141,12,m,U,,,10,20
552,jU141,15,m,U,,,21,30
553,jU141,18,m,U,,,22,70
554,jU142,3,f,U,,,10,60
555,jU142,6,f,U,,,18,50
556,jU142,9,f,U,,,10,40
557,jU142,12,f,U,,,17,40
558,jU142,15,f,U,1,1,15,10
559,jU142,18,f,U,,,10,10
565,jU143,18,m,U,,,#N/A,0
560,jU143,3,m,U,,,16,50
561,jU143,6,m,U,,,19,50
562,jU143,9,m,U,,,22,60
563,jU143,12,m,U,1,1,14,70
564,jU143,15,m,U,,,31,80
566,jU144,3,f,U,,,18,50
567,jU144,6,f,U,,,11,40
568,jU144,9,f,U,1,1,13,40
569,jU144,12,f,U,,,30,60
570,jU144,15,f,U,,,17,60
571,jU144,18,f,U,,,27,40
573,jU145,9,f,U,,,#N/A,90
572,jU145,6,f,U,,,12,70
574,jU145,12,f,U,1,1,11,80
575,jU146,3,m,U,,,16,80
576,jU146,6,m,U,1,1,10,20
577,jU146,9,m,U,,,10,50
578,jU146,12,m,U,,,14,50
579,jU147,3,f,U,,,10,#N/A
580,jU147,6,f,U,1,1,15,30
581,jU147,9,f,U,,,10,60
582,jU147,12,f,U,,,14,90
583,jU148,6,f,U,,,15,70
584,jU148,9,f,U,,,10,#N/A
585,jU148,12,f,U,1,1,10,20
586,jU149,6,m,U,1,1,11,60
587,jU149,9,m,U,,,10,80
588,jU149,12,m,U,,,10,40
590,jU150,9,f,U,,,#N/A,50
589,jU150,6,f,U,1,1,31,90
591,jU150,12,f,U,,,15,60
592,jU76,3,m,U,,,21,40
593,jU76,6,m,U,,,12,0
594,jU76,9,m,U,,,15,60
595,jU76,12,m,U,,,37,60
596,jU76,15,m,U,1,1,14,50
597,jU76,18,m,U,,,24,0
602,jU77,15,m,U,,,#N/A,60
598,jU77,3,m,U,,,14,60
599,jU77,6,m,U,1,1,20,10
600,jU77,9,m,U,,,14,80
601,jU77,12,m,U,,,15,40
603,jU78,3,f,U,,,17,70
604,jU78,6,f,U,,,14,70
605,jU78,9,f,U,1,1,23,60
606,jU78,12,f,U,,,17,100
607,jU78,15,f,U,,,26,70
608,jU78,18,f,U,,,10,50
610,jU79,9,f,U,,,#N/A,0
609,jU79,6,f,U,1,1,10,40
611,jU79,12,f,U,,,10,10
612,jU80,3,f,U,,,20,60
613,jU80,6,f,U,,,16,40
614,jU80,9,f,U,,,12,70
615,jU80,12,f,U,,,16,30
616,jU80,15,f,U,1,1,17,70
617,jU81,6,f,U,1,1,10,0
618,jU81,12,f,U,,,10,#N/A
620,jU82,9,f,U,,,#N/A,0
619,jU82,6,f,U,1,1,30,0
621,jU82,12,f,U,,,14,60
626,jU83,15,f,U,,,#N/A,0
627,jU83,18,f,U,,,#N/A,0
622,jU83,3,f,U,1,1,10,0
623,jU83,6,f,U,,,10,70
624,jU83,9,f,U,,,22,40
625,jU83,12,f,U,,,11,40
628,jU84,3,m,U,,,10,70
629,jU84,6,m,U,1,1,16,30
630,jU84,9,m,U,,,20,60
631,jU84,12,m,U,,,13,20
632,jU84,15,m,U,,,12,20
633,jU84,18,m,U,,,10,0
638,jU86,15,m,U,,,#N/A,60
634,jU86,3,m,U,1,1,11,50
635,jU86,6,m,U,,,18,60
636,jU86,9,m,U,,,17,40
637,jU86,12,m,U,,,12,70
639,jU87,6,m,U,1,1,25,40
640,jU87,12,m,U,,,15,0
641,jU88,3,m,U,,,10,50
642,jU88,6,m,U,,,28,80
643,jU88,9,m,U,,,14,30
644,jU88,12,m,U,1,1,18,50
645,jU88,15,m,U,,,13,60
646,jU88,18,m,U,,,14,90
647,jU89,6,f,U,,,10,50
648,jU90,6,f,U,,,15,70
649,jU90,9,f,U,,,19,70
650,jU90,12,f,U,1,1,13,60
652,jU91,9,f,U,,,#N/A,20
651,jU91,6,f,U,,,42,70
653,jU91,12,f,U,1,1,39,60
655,jU92,12,f,U,,,#N/A,80
654,jU92,6,f,U,,,10,60
657,jU93,12,f,U,1,1,#N/A,0
656,jU93,6,f,U,1,1,10,100
658,jU94,3,m,U,1,1,19,40
659,jU94,6,m,U,,,15,50
660,jU94,9,m,U,,,27,90
661,jU94,12,m,U,,,13,20
662,jU94,15,m,U,,,10,60
664,jU95,12,f,U,,,#N/A,100
663,jU95,6,f,U,1,1,10,10
665,jU96,3,f,U,,,#N/A,0
666,jU96,6,f,U,,,28,50
667,jU96,9,f,U,1,1,10,40
668,jU96,12,f,U,,,13,70
670,jU97,9,m,U,,,#N/A,0
669,jU97,6,m,U,,,14,50
671,jU97,12,m,U,1,1,47,50
672,jU98,3,f,U,,,27,#N/A
673,jU98,6,f,U,1,1,19,30
674,jU98,9,f,U,,,21,0
675,jU98,12,f,U,,,10,60
677,jU99,12,m,U,,,#N/A,70
676,jU99,6,m,U,1,1,10,90
678,mI1,3,f,I,,,10,10
679,mI1,6,f,I,1,1,10,40
680,mI10,3,f,I,,,41,40
681,mI10,6,f,I,1,1,10,70
682,mI101,3,f,I,,,10,40
684,mI101,6,f,I,,,10,0
685,mI101,9,f,I,,,31,50
686,mI101,12,f,I,,,10,0
690,mI101,15,f,I,1,1,14,70
691,mI101,18,f,I,,,28,40
694,mI102,12,m,I,,,#N/A,60
692,mI102,3,m,I,1,1,10,50
693,mI102,6,m,I,,,10,90
695,mI103,3,m,I,,,10,60
696,mI103,6,m,I,1,1,11,50
699,mI104,12,m,I,,,#N/A,100
697,mI104,3,m,I,,,19,30
698,mI104,6,m,I,,,26,20
701,mI104,15,m,I,,,49,60
702,mI104,18,m,I,1,1,54,100
703,mI105,3,f,I,,,10,10
704,mI105,6,f,I,,,15,20
705,mI105,9,f,I,,,29,60
706,mI105,12,f,I,,,10,30
710,mI105,15,f,I,1,1,12,40
711,mI105,18,f,I,,,10,30
714,mI106,12,f,I,,,#N/A,100
712,mI106,3,f,I,1,1,10,0
713,mI106,6,f,I,,,10,10
716,mI106,15,f,I,,,10,70
717,mI106,18,f,I,,,13,50
719,mI107,6,m,I,,,#N/A,20
718,mI107,3,m,I,1,1,10,50
720,mI108,3,m,I,,,29,90
721,mI108,6,m,I,1,1,37,70
722,mI109,3,m,I,1,1,10,50
1595,mI11,3,f,I,,1,#N/A,70
723,mI110,3,m,I,,,11,50
724,mI110,6,m,I,,,10,100
725,mI110,9,m,I,,,55,30
726,mI110,12,m,I,,,21,60
728,mI110,15,m,I,,,41,80
729,mI110,18,m,I,1,1,31,70
1596,mI111,3,f,I,,1,#N/A,100
733,mI112,12,f,I,,,#N/A,0
730,mI112,3,f,I,1,1,10,10
731,mI112,6,f,I,,,10,20
735,mI112,15,f,I,,,10,10
736,mI112,18,f,I,,,40,10
1597,mI113,3,m,I,,,#N/A,10
1598,mI113,18,m,I,,,#N/A,90
737,mI114,3,m,I,,,18,60
738,mI114,6,m,I,1,1,16,50
747,mI115,18,m,I,,,#N/A,60
739,mI115,3,m,I,,,10,70
740,mI115,6,m,I,1,1,10,30
741,mI115,9,m,I,,,40,60
742,mI115,12,m,I,,,38,60
746,mI115,15,m,I,,,61,70
748,mI116,3,f,I,,,13,50
749,mI116,6,f,I,1,1,11,20
750,mI116,9,f,I,,,59,30
751,mI116,12,f,I,,,10,40
755,mI116,15,f,I,,,15,40
756,mI116,18,f,I,,,68,30
757,mI117,3,f,I,,,10,0
758,mI117,6,f,I,1,1,10,30
762,mI118,12,m,I,,,#N/A,90
759,mI118,3,m,I,,,10,90
760,mI118,6,m,I,,,11,90
763,mI118,15,m,I,1,1,25,50
764,mI118,18,m,I,,,13,80
1599,mI12,3,f,I,,1,#N/A,40
765,mI120,3,m,I,,,19,40
766,mI120,6,m,I,,,12,90
767,mI120,15,m,I,,,71,0
768,mI120,18,m,I,1,1,25,60
769,mI121,3,f,I,,,10,70
770,mI121,6,f,I,,,21,70
771,mI121,9,f,I,,,21,50
772,mI121,15,f,I,1,1,15,50
773,mI121,18,f,I,,,13,50
775,mI122,6,f,I,,,#N/A,100
774,mI122,3,f,I,1,1,10,100
776,mI123,3,m,I,1,1,10,40
777,mI123,6,m,I,,,10,100
778,mI124,3,f,I,,,10,90
779,mI124,6,f,I,1,1,29,70
780,mI124,9,f,I,,,17,60
781,mI124,12,f,I,,,10,90
785,mI124,15,f,I,,,44,90
786,mI124,18,f,I,,,46,100
787,mI13,3,m,I,,,10,50
788,mI13,6,m,I,1,1,13,80
789,mI14,3,m,I,,,24,20
790,mI14,6,m,I,1,1,46,40
791,mI14,12,m,I,,,39,20
795,mI14,15,m,I,,,29,70
796,mI14,18,m,I,,,28,60
797,mI15,3,f,I,,,45,30
798,mI15,6,f,I,,,17,50
799,mI15,9,f,I,,,12,100
800,mI15,12,f,I,,,57,50
804,mI15,15,f,I,,,27,70
805,mI15,18,f,I,1,1,91,40
806,mI16,3,f,I,1,1,10,10
807,mI16,6,f,I,,,20,90
808,mI17,3,f,I,,,16,50
809,mI17,6,f,I,1,1,26,50
810,mI18,3,f,I,,,11,50
811,mI18,6,f,I,1,1,13,60
812,mI19,3,f,I,,,28,#N/A
813,mI19,6,f,I,1,1,19,10
815,mI2,6,f,I,,,#N/A,40
814,mI2,3,f,I,1,1,17,80
817,mI20,6,m,I,,,#N/A,40
816,mI20,3,m,I,1,1,28,60
1600,mI21,3,f,I,,1,#N/A,100
818,mI23,3,f,I,1,1,10,40
819,mI23,6,f,I,,,28,20
820,mI24,3,m,I,1,1,27,0
822,mI25,6,m,I,,,#N/A,0
821,mI25,3,m,I,1,1,10,0
823,mI26,3,m,I,,,10,40
824,mI26,6,m,I,1,1,10,40
825,mI27,3,f,I,,,10,70
826,mI27,6,f,I,1,1,37,30
1601,mI28,3,m,I,,,#N/A,90
827,mI29,3,m,I,,,33,80
828,mI29,6,m,I,1,1,10,70
832,mI3,18,f,I,,,#N/A,10
829,mI3,3,f,I,1,1,13,10
831,mI3,6,f,I,,,35,#N/A
833,mI30,3,m,I,,,10,20
834,mI30,6,m,I,1,1,10,20
835,mI31,3,m,I,,,15,60
836,mI31,6,m,I,1,1,10,70
839,mI32,18,f,I,,,#N/A,80
837,mI32,3,f,I,,,65,0
838,mI32,6,f,I,1,1,10,100
840,mI33,3,f,I,,,24,50
841,mI33,6,f,I,,,25,#N/A
842,mI33,12,f,I,,,53,60
846,mI33,15,f,I,1,1,17,100
847,mI33,18,f,I,,,19,0
848,mI34,3,m,I,,,10,80
849,mI34,6,m,I,,,10,0
850,mI34,12,m,I,,,10,60
854,mI34,15,m,I,,,10,70
855,mI34,18,m,I,1,1,60,20
856,mI35,3,f,I,,,10,60
857,mI35,6,f,I,,,10,70
858,mI35,15,f,I,,,71,30
859,mI35,18,f,I,1,1,39,10
862,mI36,18,m,I,,,#N/A,50
860,mI36,3,m,I,,,17,70
861,mI36,6,m,I,1,1,12,40
863,mI37,3,m,I,,,10,20
864,mI37,6,m,I,1,1,24,70
1602,mI38,3,m,I,,,#N/A,80
865,mI39,3,f,I,,,10,70
866,mI39,6,f,I,,,16,#N/A
867,mI39,12,f,I,,,98,30
871,mI39,15,f,I,1,1,65,100
872,mI39,18,f,I,,,41,0
874,mI4,6,m,I,,,#N/A,40
873,mI4,3,m,I,1,1,10,60
875,mI40,3,f,I,,,21,30
876,mI40,6,f,I,,,29,30
877,mI40,9,f,I,,,10,30
878,mI40,12,f,I,,,10,30
882,mI40,15,f,I,,,34,70
883,mI40,18,f,I,1,1,57,60
1603,mI41,3,m,I,,,#N/A,70
884,mI42,3,m,I,,,12,40
885,mI42,6,m,I,,,10,30
886,mI42,9,m,I,,,10,60
887,mI42,12,m,I,,,10,100
891,mI42,15,m,I,,,10,30
892,mI42,18,m,I,1,1,55,100
893,mI43,3,f,I,1,1,21,60
1604,mI44,3,f,I,,,#N/A,40
894,mI45,3,f,I,,,10,10
895,mI45,6,f,I,1,1,30,40
1605,mI46,3,m,I,,1,#N/A,70
896,mI47,3,f,I,,,16,50
897,mI47,6,f,I,1,1,29,80
898,mI48,3,m,I,,,10,0
899,mI48,6,m,I,,,10,0
900,mI48,9,m,I,1,1,19,50
901,mI48,12,m,I,,,10,50
905,mI48,15,m,I,,,69,50
906,mI48,18,m,I,,,47,10
1606,mI5,3,f,I,,1,#N/A,90
1607,mI50,3,f,I,,1,#N/A,100
907,mI51,3,f,I,1,1,13,60
908,mI51,6,f,I,,,28,50
911,mI52,18,m,I,,,#N/A,100
909,mI52,3,m,I,,,10,30
910,mI52,6,m,I,1,1,10,0
1608,mI53,3,f,I,,1,#N/A,60
912,mI54,3,f,I,,,14,100
913,mI54,6,f,I,1,1,10,0
916,mI55,18,m,I,,,#N/A,90
914,mI55,3,m,I,,,11,100
915,mI55,6,m,I,,,11,40
917,mI56,3,f,I,1,1,30,20
918,mI56,3,f,I,,,30,50
919,mI56,6,f,I,1,1,13,80
920,mI57,3,f,I,,,10,50
921,mI57,6,f,I,1,1,10,0
922,mI58,3,m,I,,,10,#N/A
923,mI58,6,m,I,1,1,10,90
924,mI59,3,m,I,1,1,10,40
925,mI59,6,m,I,1,1,10,30
927,mI6,6,f,I,,1,#N/A,30
926,mI6,3,f,I,1,1,10,10
928,mI60,3,f,I,,,12,60
929,mI60,6,f,I,1,1,28,50
930,mI61,3,m,I,,,10,50
931,mI61,6,m,I,1,1,11,50
932,mI62,3,f,I,,,10,0
933,mI62,6,f,I,1,1,10,0
934,mI63,3,m,I,1,1,10,30
935,mI63,6,m,I,,,10,50
936,mI64,3,f,I,,,26,40
937,mI64,6,f,I,,,10,60
938,mI64,15,f,I,,,55,0
939,mI64,18,f,I,1,1,30,50
1609,mI65,3,m,I,,1,#N/A,30
940,mI66,3,f,I,,,13,0
941,mI66,6,f,I,1,1,32,20
942,mI68,3,m,I,,,19,70
943,mI68,6,m,I,1,1,53,60
944,mI69,3,f,I,,,17,40
945,mI69,6,f,I,,,23,60
946,mI69,18,f,I,1,1,54,70
947,mI7,3,f,I,1,1,16,40
948,mI7,6,f,I,,,27,20
949,mI71,3,f,I,,,16,30
950,mI71,6,f,I,1,1,10,0
953,mI72,18,m,I,,,#N/A,0
951,mI72,3,m,I,,,10,70
952,mI72,6,m,I,1,1,23,80
954,mI73,3,f,I,1,1,12,70
955,mI74,3,m,I,1,1,10,40
956,mI74,6,m,I,,,10,70
957,mI74,18,m,I,1,1,56,40
961,mI75,18,m,I,,,#N/A,80
959,mI75,3,m,I,,,10,70
960,mI75,6,m,I,1,1,10,80
958,mI75,3,f,I,1,1,12,70
962,mI76,3,m,I,,,94,10
963,mI76,6,m,I,,,90,50
964,mI76,15,m,I,1,1,60,100
965,mI76,18,m,I,,,63,50
966,mI77,3,m,I,,,29,40
967,mI77,6,m,I,,,22,0
968,mI77,9,m,I,,,18,80
969,mI77,12,m,I,,,25,80
971,mI77,15,m,I,1,1,67,90
972,mI77,18,m,I,,,10,60
973,mI78,3,f,I,,,10,60
974,mI78,6,f,I,,,20,70
975,mI78,9,f,I,,,26,60
976,mI78,12,f,I,,,46,80
980,mI78,15,f,I,1,1,65,50
981,mI78,18,f,I,,,76,40
982,mI79,3,m,I,,,10,90
983,mI79,6,m,I,,,10,30
984,mI8,3,f,I,1,1,32,70
985,mI8,6,f,I,,,10,#N/A
988,mI80,18,m,I,,,#N/A,70
986,mI80,3,m,I,1,1,27,40
987,mI80,6,m,I,,,81,60
989,mI82,3,f,I,,,10,0
990,mI82,6,f,I,,,10,50
991,mI82,15,f,I,,,60,50
992,mI82,18,f,I,1,1,64,80
993,mI83,3,m,I,,,18,0
994,mI83,6,m,I,1,1,10,0
995,mI84,3,f,I,,,14,50
996,mI84,6,f,I,,,42,50
997,mI84,18,f,I,1,1,35,60
1000,mI86,18,m,I,,,#N/A,100
998,mI86,3,m,I,1,1,15,60
999,mI86,6,m,I,,,60,10
1001,mI87,3,f,I,1,1,10,30
1002,mI87,6,f,I,,,13,0
1003,mI88,3,m,I,1,1,10,70
1004,mI88,6,m,I,,,11,100
1005,mI89,3,f,I,,,10,0
1006,mI89,6,f,I,1,1,10,70
1007,mI9,3,m,I,,,10,50
1008,mI9,6,m,I,,,23,50
1009,mI9,9,m,I,,,26,30
1010,mI9,12,m,I,,,59,60
1014,mI9,15,m,I,1,1,55,60
1015,mI9,18,m,I,,,20,80
1017,mI90,6,f,I,,,#N/A,100
1016,mI90,3,f,I,1,1,22,60
1018,mI91,3,f,I,,,14,100
1019,mI92,3,f,I,1,1,55,60
1020,mI92,6,f,I,,,28,80
1023,mI93,18,m,I,,,#N/A,0
1021,mI93,3,m,I,1,1,10,0
1022,mI93,6,m,I,,,10,60
1610,mI94,3,f,I,,1,#N/A,50
1024,mI95,3,f,I,,,10,0
1025,mI95,6,f,I,1,1,10,90
1026,mI96,3,m,I,,,12,80
1027,mI96,6,m,I,1,1,10,20
1030,mI97,12,f,I,,,#N/A,80
1028,mI97,3,f,I,,,15,90
1029,mI97,6,f,I,1,1,15,90
1033,mI98,18,m,I,,,#N/A,40
1031,mI98,3,m,I,,,10,70
1032,mI98,6,m,I,1,1,10,30
1036,mI99,18,f,I,,,#N/A,100
1034,mI99,3,f,I,1,1,10,0
1035,mI99,6,f,I,,,10,100
1037,mU00,3,m,U,1,1,17,70
1038,mU01,3,m,U,1,1,10,0
1039,mU02,3,m,U,1,1,14,0
1041,mU03,15,f,U,,,#N/A,100
1040,mU03,3,f,U,1,1,10,40
1045,mU04,15,m,U,,,#N/A,40
1042,mU04,3,m,U,,,10,40
1043,mU04,9,m,U,,,47,0
1044,mU04,12,m,U,1,1,27,50
1046,mU05,3,m,U,,,19,50
1050,mU06,15,m,U,,,#N/A,100
1047,mU06,3,m,U,,,13,80
1048,mU06,9,m,U,,,10,10
1049,mU06,12,m,U,1,1,21,20
1054,mU07,15,f,U,,,#N/A,30
1051,mU07,3,f,U,,,13,30
1052,mU07,9,f,U,,,28,50
1053,mU07,12,f,U,1,1,14,0
1056,mU09,12,m,U,,,#N/A,100
1057,mU09,15,m,U,,,#N/A,100
1055,mU09,3,m,U,1,1,27,0
1611,mU1,3,f,U,,1,#N/A,0
1062,mU10,6,f,U,,,#N/A,80
1058,mU10,3,m,U,1,1,10,40
1063,mU101,6,f,U,,,15,30
1064,mU101,18,f,U,1,1,19,20
1613,mu102,18,m,U,,,#N/A,90
1065,mU102,6,m,U,1,1,10,40
1066,mU103,6,f,U,,,10,40
1067,mU103,18,f,U,1,1,10,60
1068,mU104,6,m,U,,,49,0
1069,mU104,15,m,U,,,34,#N/A
1070,mU104,18,m,U,1,1,10,20
1616,mu105,18,m,U,,,#N/A,20
1071,mU105,6,m,U,1,1,10,80
1072,mU106,6,f,U,,,10,90
1073,mU106,12,f,U,,,21,20
1074,mU106,15,f,U,,,10,#N/A
1075,mU106,18,f,U,1,1,10,40
1076,mU107,6,m,U,,,17,60
1077,mU107,12,m,U,,,14,0
1078,mU107,15,m,U,,,37,#N/A
1079,mU107,18,m,U,1,1,23,70
1081,mU109,12,f,U,,,#N/A,100
1080,mU109,6,f,U,,,10,20
1082,mU109,15,f,U,,,29,#N/A
1083,mU109,18,f,U,1,1,39,60
1084,mU11,3,m,U,,,10,40
1085,mU11,6,m,U,,,10,50
1086,mU11,9,m,U,,,55,0
1087,mU11,12,m,U,,,22,70
1088,mU11,15,m,U,1,1,11,20
1089,mU11,18,m,U,,,27,0
1090,mU110,6,f,U,,,15,60
1091,mU112,6,m,U,,,10,90
1093,mU112,18,m,U,1,1,10,60
1094,mU113,6,f,U,1,1,21,30
1096,mU115,12,m,U,,,#N/A,80
1095,mU115,6,m,U,,,10,50
1097,mU115,15,m,U,,,37,#N/A
1098,mU115,18,m,U,1,1,27,40
1623,mU116,6,f,U,,1,#N/A,60
1099,mU117,6,m,U,,,10,100
1101,mU117,12,m,U,1,1,10,50
1102,mU117,15,m,U,,,40,#N/A
1103,mU117,18,m,U,,,35,90
1104,mU118,6,f,U,,,10,20
1105,mU118,12,f,U,,,22,60
1106,mU118,15,f,U,,,14,#N/A
1107,mU118,18,f,U,1,1,21,30
1108,mU119,6,m,U,1,1,10,100
1109,mU12,3,m,U,1,1,10,0
1113,mU120,6,f,U,,,10,50
1115,mU120,15,f,U,,,34,#N/A
1116,mU120,18,f,U,1,1,10,60
1627,mu121,18,m,U,,,#N/A,60
1117,mU121,6,m,U,,,10,70
1118,mU122,12,f,U,,,43,50
1119,mU122,15,f,U,,,25,#N/A
1120,mU122,18,f,U,1,1,18,100
1121,mU123,6,m,U,,,10,30
1122,mU123,12,m,U,,,23,70
1123,mU123,15,m,U,,,12,#N/A
1124,mU123,18,m,U,1,1,55,20
1125,mU124,6,m,U,,,22,40
1126,mU124,12,m,U,1,1,13,50
1127,mU13,3,f,U,1,1,10,0
1137,mU14,15,m,U,,,#N/A,50
1134,mU14,3,m,U,,,10,50
1135,mU14,6,m,U,,,11,50
1136,mU14,12,m,U,,,22,#N/A
1138,mU14,18,m,U,1,1,26,20
1139,mU15,3,f,U,,,55,60
1143,mU15,6,f,U,,,32,30
1144,mU15,9,f,U,,,10,20
1145,mU15,12,f,U,1,1,23,70
1152,mU15,15,f,U,,,47,50
1153,mU15,18,f,U,,,11,50
1154,mU16,3,m,U,,,10,50
1158,mU16,6,m,U,,,10,20
1159,mU16,18,m,U,1,1,14,20
1161,mU17,3,m,U,,,10,40
1164,mU17,6,m,U,,,17,70
1168,mU17,9,m,U,,,12,30
1169,mU17,12,m,U,,,10,30
1178,mU17,15,m,U,1,1,34,80
1180,mU17,18,m,U,,,42,90
1185,mU18,6,f,U,,,#N/A,60
1184,mU18,3,f,U,,,10,30
1186,mU18,9,f,U,,,10,60
1190,mU18,12,f,U,,,21,40
1197,mU18,15,f,U,1,1,70,10
1198,mU18,18,f,U,,,20,60
1199,mU19,3,m,U,,,10,50
1203,mU19,6,m,U,,,10,0
1205,mU19,12,m,U,,,31,50
1206,mU19,15,m,U,1,1,10,50
1207,mU19,18,m,U,,,31,50
1636,mU2,3,f,U,,,#N/A,0
1209,mU20,3,f,U,,,10,20
1210,mU20,6,f,U,,,12,90
1211,mU20,12,f,U,,,16,50
1215,mU20,15,f,U,1,1,10,70
1216,mU20,18,f,U,,,31,60
1217,mU21,3,m,U,,,15,20
1221,mU21,6,m,U,,,10,90
1222,mU21,18,m,U,1,1,26,30
1225,mU22,15,m,U,,,#N/A,0
1223,mU22,3,m,U,,,10,40
1224,mU22,12,m,U,1,1,42,50
1230,mU23,6,f,U,,,#N/A,10
1226,mU23,3,f,U,,,12,0
1231,mU23,9,f,U,,,10,40
1232,mU23,12,f,U,,,23,70
1233,mU23,15,f,U,1,1,12,50
1234,mU23,18,f,U,,,24,80
1235,mU24,3,m,U,,,10,50
1239,mU24,6,m,U,,,10,#N/A
1240,mU24,18,m,U,1,1,31,100
1241,mU26,3,f,U,,,13,20
1242,mU26,6,f,U,,,10,60
1243,mU26,9,f,U,,,45,10
1244,mU26,12,f,U,,,16,0
1248,mU26,15,f,U,1,1,17,50
1249,mU26,18,f,U,,,19,70
1250,mU27,3,m,U,,,10,30
1251,mU27,6,m,U,,,10,30
1252,mU27,9,m,U,,,10,90
1253,mU27,12,m,U,,,12,100
1257,mU27,15,m,U,1,1,30,80
1258,mU27,18,m,U,,,28,40
1643,mu28,18,f,U,,,#N/A,60
1259,mU28,3,f,U,,,10,40
1260,mU28,6,f,U,1,1,10,30
1261,mU29,3,m,U,1,1,10,30
1262,mU30,3,f,U,,,10,60
1264,mU30,6,f,U,,,10,50
1265,mU30,18,f,U,1,1,68,0
1267,mU31,6,m,U,,,#N/A,60
1266,mU31,3,m,U,1,1,10,40
1268,mU32,3,m,U,,,13,40
1269,mU32,6,m,U,,,12,70
1270,mU32,15,m,U,,,34,#N/A
1271,mU32,18,m,U,1,1,64,80
1272,mU33,3,f,U,,,51,70
1273,mU33,6,f,U,,,10,40
1275,mU33,9,f,U,,,10,0
1276,mU33,12,f,U,,,16,0
1284,mU33,15,f,U,1,1,13,50
1285,mU33,18,f,U,,,28,70
1286,mU34,3,m,U,,,17,90
1287,mU34,6,m,U,1,1,21,30
1288,mU35,3,m,U,,,10,50
1289,mU35,6,m,U,,,22,0
1290,mU35,9,m,U,,,10,50
1291,mU35,12,m,U,,,10,30
1295,mU35,15,m,U,1,1,10,60
1296,mU35,18,m,U,,,35,90
1648,mu36,18,f,U,,,#N/A,50
1297,mU36,3,f,U,,,10,0
1298,mU36,6,f,U,1,1,18,0
1299,mU37,3,f,U,,,10,70
1300,mU37,6,f,U,,,10,50
1301,mU37,9,f,U,,,10,80
1302,mU37,12,f,U,,,10,40
1306,mU37,15,f,U,1,1,10,40
1307,mU37,18,f,U,,,31,30
1308,mU38,3,f,U,,,11,80
1309,mU38,6,f,U,,,10,60
1310,mU38,9,f,U,,,10,70
1311,mU38,12,f,U,,,37,50
1315,mU38,15,f,U,1,1,10,70
1316,mU38,18,f,U,,,15,90
1317,mU39,3,m,U,,,10,0
1318,mU39,6,m,U,,,10,60
1320,mU4,3,f,U,,,10,100
1321,mU4,6,f,U,,,11,90
1322,mU40,3,f,U,,,14,10
1323,mU40,6,f,U,,,10,60
1324,mU40,18,f,U,1,1,10,0
1325,mU42,3,m,U,,,13,40
1326,mU42,6,m,U,,,10,90
1327,mU42,9,m,U,,,24,0
1328,mU42,12,m,U,,,18,20
1332,mU42,15,m,U,1,1,12,60
1334,mU42,18,m,U,,,10,0
1653,mu43,18,m,U,,,#N/A,70
1335,mU43,3,m,U,,,23,#N/A
1336,mU43,6,m,U,,,11,0
1337,mU43,9,m,U,,,19,30
1341,mU43,12,m,U,1,1,35,50
1342,mU43,15,m,U,,,44,40
1343,mU44,3,f,U,,,11,10
1344,mU44,6,f,U,,,10,40
1345,mU44,9,f,U,,,10,60
1346,mU44,12,f,U,1,1,21,20
1350,mU44,15,f,U,,,10,40
1351,mU44,18,f,U,,,22,#N/A
1654,mu45,18,m,U,,,#N/A,90
1352,mU45,3,m,U,,,18,50
1353,mU45,6,m,U,1,1,15,10
1354,mU46,3,m,U,,,10,60
1356,mU46,6,m,U,,,10,90
1357,mU46,12,m,U,1,1,26,0
1361,mU46,15,m,U,,,37,60
1362,mU46,18,m,U,,,19,50
1363,mU47,3,f,U,,,10,0
1364,mU47,6,f,U,1,1,10,70
1365,mU48,3,f,U,,,10,80
1366,mU48,6,f,U,,,19,80
1367,mU48,9,f,U,1,1,10,0
1368,mU48,12,f,U,,,23,#N/A
1370,mU48,15,f,U,,,12,0
1371,mU48,18,f,U,,,16,0
1657,mu49,18,m,U,,,#N/A,20
1372,mU49,3,m,U,1,1,19,50
1373,mU49,6,m,U,,,10,50
1374,mU5,3,m,U,,,19,30
1375,mU5,6,m,U,,,11,20
1376,mU5,9,m,U,1,1,15,10
1377,mU5,12,m,U,,,10,60
1385,mU5,15,m,U,,,30,70
1386,mU5,18,m,U,,,44,20
1659,mU50,3,m,U,,,#N/A,0
1387,mU51,3,f,U,,,12,50
1388,mU51,6,f,U,,,16,80
1389,mU51,18,f,U,1,1,41,90
1390,mU52,3,m,U,,,19,70
1391,mU52,6,m,U,,,10,80
1392,mU52,15,m,U,1,1,19,100
1393,mU52,18,m,U,,,10,50
1394,mU53,3,m,U,,,10,0
1395,mU53,6,m,U,1,1,10,0
1396,mU54,3,f,U,,,10,10
1397,mU54,6,f,U,1,1,10,0
1662,mu55,18,f,U,,,#N/A,90
1398,mU55,3,f,U,1,1,10,10
1399,mU55,6,f,U,,,10,40
1663,mU56,3,f,U,,1,#N/A,0
1400,mU57,3,f,U,,,11,60
1401,mU57,6,f,U,,,10,70
1402,mU57,9,f,U,1,1,19,0
1403,mU57,12,f,U,,,17,100
1407,mU57,15,f,U,,,10,30
1408,mU57,18,f,U,,,38,60
1409,mU58,3,f,U,,,10,40
1410,mU58,6,f,U,1,1,10,40
1665,mu59,18,m,U,,,#N/A,90
1411,mU59,3,m,U,1,1,32,90
1412,mU59,6,m,U,,,10,0
1416,mU6,12,f,U,,,#N/A,30
1413,mU6,3,f,U,,,10,30
1414,mU6,6,f,U,,,11,50
1415,mU6,9,f,U,,,22,50
1418,mU6,15,f,U,1,1,10,50
1419,mU6,18,f,U,,,19,70
1420,mU61,3,m,U,,,10,40
1421,mU61,6,m,U,,,10,70
1422,mU61,9,m,U,1,1,24,60
1423,mU61,12,m,U,,,14,20
1427,mU61,15,m,U,,,28,40
1428,mU61,18,m,U,,,12,30
1668,mu62,18,f,U,,,#N/A,50
1429,mU62,3,f,U,,,45,40
1430,mU62,6,f,U,1,1,10,50
1431,mU63,3,f,U,,,10,50
1669,mu64,18,f,U,,,#N/A,30
1432,mU64,3,f,U,,,17,20
1433,mU64,6,f,U,1,1,13,50
1436,mU65,15,f,U,,,#N/A,20
1434,mU65,3,f,U,,,14,60
1435,mU65,6,f,U,,,10,70
1437,mU65,18,f,U,1,1,68,80
1438,mU66,3,f,U,,,10,50
1439,mU66,6,f,U,,,11,80
1440,mU66,9,f,U,1,1,29,20
1441,mU66,12,f,U,,,10,10
1449,mU66,15,f,U,,,28,100
1450,mU66,18,f,U,,,44,30
1672,mu67,18,m,U,,,#N/A,70
1451,mU67,3,m,U,,,10,30
1452,mU67,6,m,U,1,1,19,0
1455,mU68,12,f,U,,,#N/A,100
1453,mU68,3,f,U,,,10,70
1454,mU68,6,f,U,,,11,40
1456,mU68,15,f,U,1,1,25,60
1457,mU68,18,f,U,,,46,70
1460,mU69,6,f,U,,,#N/A,50
1458,mU69,3,f,U,1,1,10,40
1674,mU7,3,f,U,,,#N/A,60
1461,mU70,3,f,U,,,10,40
1462,mU70,6,f,U,,,17,10
1464,mU70,9,f,U,1,1,53,20
1465,mU70,12,f,U,,,46,40
1466,mU70,15,f,U,,,16,70
1467,mU70,18,f,U,,,62,40
1468,mU71,3,m,U,,,10,20
1469,mU71,6,m,U,,,17,10
1470,mU71,9,m,U,,,16,30
1471,mU71,12,m,U,,,22,0
1475,mU71,15,m,U,,,50,0
1476,mU71,18,m,U,1,1,31,50
1677,mU72,3,f,U,,1,#N/A,20
1477,mU73,3,m,U,,,10,70
1478,mU73,6,m,U,1,1,10,10
1479,mU74,3,f,U,,,15,50
1480,mU74,6,f,U,,,10,20
1482,mU74,18,f,U,1,1,18,30
1483,mU75,3,m,U,,,#N/A,0
1679,mu75,18,m,U,,,#N/A,0
1484,mU75,6,m,U,1,1,11,20
1485,mU76,3,f,U,,,49,50
1486,mU76,6,f,U,,,10,90
1487,mU76,9,f,U,,,49,60
1488,mU76,12,f,U,,,49,50
1492,mU76,15,f,U,1,1,64,70
1493,mU76,18,f,U,,,25,20
1494,mU77,3,f,U,,,10,30
1495,mU77,6,f,U,,,10,100
1496,mU78,3,m,U,,,14,30
1497,mU78,6,m,U,,,10,10
1499,mU78,9,m,U,,,23,100
1500,mU78,12,m,U,,,10,30
1504,mU78,15,m,U,1,1,46,100
1505,mU78,18,m,U,,,10,60
1506,mU79,3,m,U,,,10,10
1507,mU79,6,m,U,,,10,50
1508,mU79,9,m,U,1,1,19,10
1509,mU79,12,m,U,,,23,60
1513,mU79,15,m,U,,,19,70
1514,mU79,18,m,U,,,39,50
1683,mU8,12,m,U,,1,#N/A,40
1515,mU80,3,f,U,,,10,20
1516,mU80,6,f,U,,,12,0
1517,mU80,12,f,U,1,1,39,100
1521,mU80,15,f,U,,,55,50
1522,mU80,18,f,U,,,16,40
1523,mU81,3,f,U,,,15,60
1524,mU81,6,f,U,,,10,70
1525,mU81,18,f,U,1,1,62,30
1526,mU82,3,f,U,,,13,90
1527,mU82,6,f,U,1,1,10,50
1528,mU82,18,f,U,,,14,90
1529,mU83,3,m,U,,,10,30
1530,mU83,6,m,U,1,1,10,0
1531,mU83,12,m,U,,,50,#N/A
1532,mU84,3,m,U,,,11,70
1533,mU84,6,m,U,,,28,0
1534,mU85,18,m,U,1,1,28,40
1535,mU86,3,m,U,,,10,40
1536,mU86,6,m,U,1,1,11,70
1688,mu87,18,m,U,,,#N/A,30
1537,mU87,3,m,U,,,12,70
1538,mU87,6,m,U,1,1,10,50
1539,mU88,3,m,U,,,27,10
1540,mU88,6,m,U,,,10,10
1541,mU88,9,m,U,1,1,41,60
1542,mU88,12,m,U,,,50,0
1544,mU88,15,m,U,,,10,50
1545,mU88,18,m,U,,,13,0
1548,mU89,12,f,U,,,#N/A,0
1546,mU89,3,f,U,,,10,70
1547,mU89,6,f,U,,,13,70
1550,mU89,15,f,U,1,1,22,50
1551,mU89,18,f,U,,,25,100
1555,mU9,15,m,U,,,#N/A,100
1552,mU9,3,m,U,,,11,0
1553,mU9,6,m,U,,,10,100
1554,mU9,12,m,U,,,31,#N/A
1556,mU9,18,m,U,1,1,10,70
1557,mU90,3,m,U,,,14,20
1558,mU90,6,m,U,1,1,10,0
1559,mU91,3,m,U,1,1,12,70
1560,mU91,6,m,U,,,10,70
1561,mU93,3,m,U,,,10,50
1562,mU93,6,m,U,,,10,0
1563,mU93,12,m,U,1,1,10,0
1567,mU93,15,m,U,,,12,50
1568,mU93,18,m,U,,,19,40
1569,mU94,3,f,U,,,19,50
1570,mU94,6,f,U,,,16,60
1571,mU94,9,f,U,,,12,20
1572,mU94,12,f,U,1,1,26,60
1576,mU94,15,f,U,,,18,60
1577,mU94,18,f,U,,,38,40
1578,mU95,3,m,U,,,18,60
1579,mU95,6,m,U,1,1,13,70
1580,mU96,3,m,U,,,11,10
1581,mU96,6,m,U,,,10,30
1582,mU96,18,m,U,1,1,16,40
1583,mU97,3,f,U,,,10,50
1584,mU97,6,f,U,,,10,60
1585,mU97,9,f,U,,,10,70
1586,mU97,12,f,U,1,1,24,20
1590,mU97,15,f,U,,,50,50
1591,mU97,18,f,U,,,15,30
1592,mU98,3,m,U,,,10,10
1593,mU98,6,m,U,1,1,34,50
